0,0.8187,b"b'2014-01-",1
1,0.1281,b"b'2014-01-",0
2,0.6789,b"b'2014-11-",0
3,0.0200,b"b'2014-01-",0
4,0.6683,b"b'2014-12-",0
5,0.7507,b"b'2014-04-",1
6,0.6294,b"b'2014-04-",0
7,0.1746,b"b'2014-11-",0
8,0.4365,b"b'2014-11-",0
9,0.5553,b"b'2014-03-",0
10,0.4874,b"b'2014-02-",0
11,0.8895,b"b'2014-05-",1
12,0.9409,b"b'2014-10-",1
13,0.7707,b"b'2014-05-",1
14,0.6959,b"b'2014-01-",0
15,0.4425,b"b'2014-11-",0
16,0.1863,b"b'2014-03-",0
17,0.2159,b"b'2014-06-",0
18,0.1253,b"b'2014-08-",0
19,0.8648,b"b'2014-09-",1
20,0.3216,b"b'2014-01-",0
21,0.8072,b"b'2014-03-",1
22,0.0161,b"b'2014-11-",0
23,0.3374,b"b'2014-11-",0
24,0.1928,b"b'2014-11-",0
25,0.6798,b"b'2014-02-",0
26,0.1904,b"b'2014-04-",0
27,0.7158,b"b'2014-06-",0
28,0.1640,b"b'2014-02-",0
29,0.0967,b"b'2014-01-",0
30,0.3688,b"b'2014-08-",0
31,0.9454,b"b'2014-08-",1
32,0.2238,b"b'2014-01-",0
33,0.5028,b"b'2014-11-",0
34,0.9417,b"b'2014-04-",1
35,0.7198,b"b'2014-10-",0
36,0.0506,b"b'2014-09-",0
37,0.7863,b"b'2014-07-",1
38,0.6789,b"b'2014-06-",0
39,0.7678,b"b'2014-12-",1
40,0.1206,b"b'2014-06-",0
41,0.3706,b"b'2014-11-",0
42,0.3729,b"b'2014-06-",0
43,0.6328,b"b'2014-11-",0
44,0.2053,b"b'2014-10-",0
45,0.1670,b"b'2014-09-",0
46,0.9319,b"b'2014-06-",1
47,0.1529,b"b'2014-03-",0
48,0.4556,b"b'2014-10-",0
49,0.4497,b"b'2014-05-",0
50,0.3121,b"b'2014-09-",0
51,0.8128,b"b'2014-01-",1
52,0.9904,b"b'2014-11-",1
53,0.8956,b"b'2014-09-",1
54,0.5706,b"b'2014-12-",0
55,0.7407,b"b'2014-01-",0
56,0.3571,b"b'2014-12-",0
57,0.1531,b"b'2014-12-",0
58,0.3943,b"b'2014-09-",0
59,0.3478,b"b'2014-09-",0
60,0.3339,b"b'2014-02-",0
61,0.5452,b"b'2014-03-",0
62,0.9675,b"b'2014-05-",1
63,0.0392,b"b'2014-03-",0
64,0.5360,b"b'2014-08-",0
65,0.1436,b"b'2014-09-",0
66,0.8695,b"b'2014-11-",1
67,0.0001,b"b'2014-01-",0
68,0.6896,b"b'2014-04-",0
69,0.7991,b"b'2014-02-",1
70,0.9283,b"b'2014-11-",1
71,0.0748,b"b'2014-04-",0
72,0.5446,b"b'2014-08-",0
73,0.7329,b"b'2014-03-",0
74,0.8361,b"b'2014-08-",1
75,0.6859,b"b'2014-11-",0
76,0.5694,b"b'2014-06-",0
77,0.1695,b"b'2014-01-",0
78,0.3870,b"b'2014-11-",0
79,0.9906,b"b'2014-05-",1
80,0.0624,b"b'2014-12-",0
81,0.4255,b"b'2014-03-",0
82,0.0807,b"b'2014-05-",0
83,0.0063,b"b'2014-07-",0
84,0.4647,b"b'2014-07-",0
85,0.0468,b"b'2014-08-",0
86,0.6468,b"b'2014-01-",0
87,0.7308,b"b'2014-10-",0
88,0.3449,b"b'2014-03-",0
89,0.8955,b"b'2014-07-",1
90,0.2822,b"b'2014-05-",0
91,0.9273,b"b'2014-06-",1
92,0.7204,b"b'2014-03-",0
93,0.4944,b"b'2014-02-",0
94,0.9206,b"b'2014-11-",1
95,0.0998,b"b'2014-07-",0
96,0.3154,b"b'2014-09-",0
97,0.5800,b"b'2014-10-",0
98,0.6797,b"b'2014-07-",0
99,0.3497,b"b'2014-08-",0
100,0.2165,b"b'2014-11-",0
101,0.2923,b"b'2014-05-",0
102,0.4427,b"b'2014-12-",0
103,0.0502,b"b'2014-04-",0
104,0.1830,b"b'2014-12-",0
105,0.8756,b"b'2014-03-",1
106,0.8026,b"b'2014-11-",1
107,0.6121,b"b'2014-09-",0
108,0.1337,b"b'2014-12-",0
109,0.2011,b"b'2014-03-",0
110,0.2960,b"b'2014-01-",0
111,0.4296,b"b'2014-08-",0
112,0.9438,b"b'2014-07-",1
113,0.6633,b"b'2014-12-",0
114,0.7637,b"b'2014-08-",1
115,0.0886,b"b'2014-06-",0
116,0.6602,b"b'2014-03-",0
117,0.4192,b"b'2014-02-",0
118,0.3063,b"b'2014-01-",0
119,0.6786,b"b'2014-11-",0
120,0.4503,b"b'2014-04-",0
121,0.0949,b"b'2014-04-",0
122,0.0991,b"b'2014-04-",0
123,0.9487,b"b'2014-04-",1
124,0.7562,b"b'2014-10-",1
125,0.1394,b"b'2014-06-",0
126,0.5991,b"b'2014-06-",0
127,0.0756,b"b'2014-02-",0
128,0.0763,b"b'2014-04-",0
129,0.2428,b"b'2014-04-",0
130,0.4281,b"b'2014-06-",0
131,0.8635,b"b'2014-02-",1
132,0.9329,b"b'2014-09-",1
133,0.7008,b"b'2014-06-",0
134,0.2950,b"b'2014-01-",0
135,0.3916,b"b'2014-12-",0
136,0.3272,b"b'2014-06-",0
137,0.3747,b"b'2014-07-",0
138,0.4179,b"b'2014-01-",0
139,0.5817,b"b'2014-12-",0
140,0.9695,b"b'2014-02-",1
141,0.7264,b"b'2014-05-",0
142,0.5887,b"b'2014-01-",0
143,0.1348,b"b'2014-07-",0
144,0.5493,b"b'2014-02-",0
145,0.0061,b"b'2014-01-",0
146,0.4428,b"b'2014-04-",0
147,0.7478,b"b'2014-05-",0
148,0.6338,b"b'2014-01-",0
149,0.3751,b"b'2014-08-",0
150,0.3095,b"b'2014-03-",0
151,0.2703,b"b'2014-04-",0
152,0.5559,b"b'2014-08-",0
153,0.2385,b"b'2014-05-",0
154,0.2293,b"b'2014-08-",0
155,0.6247,b"b'2014-12-",0
156,0.2401,b"b'2014-08-",0
157,0.6618,b"b'2014-03-",0
158,0.8975,b"b'2014-11-",1
159,0.6537,b"b'2014-06-",0
160,0.9181,b"b'2014-10-",1
161,0.2998,b"b'2014-03-",0
162,0.4625,b"b'2014-05-",0
163,0.5292,b"b'2014-12-",0
164,0.0489,b"b'2014-04-",0
165,0.8381,b"b'2014-01-",1
166,0.9930,b"b'2014-06-",1
167,0.6726,b"b'2014-09-",0
168,0.0767,b"b'2014-12-",0
169,0.9035,b"b'2014-07-",1
170,0.9923,b"b'2014-04-",1
171,0.1421,b"b'2014-02-",0
172,0.4470,b"b'2014-02-",0
173,0.1442,b"b'2014-12-",0
174,0.9174,b"b'2014-05-",1
175,0.5656,b"b'2014-08-",0
176,0.0160,b"b'2014-01-",0
177,0.1156,b"b'2014-12-",0
178,0.6699,b"b'2014-01-",0
179,0.4202,b"b'2014-02-",0
180,0.0272,b"b'2014-09-",0
181,0.4109,b"b'2014-05-",0
182,0.2371,b"b'2014-12-",0
183,0.5390,b"b'2014-02-",0
184,0.1183,b"b'2014-09-",0
185,0.7394,b"b'2014-11-",0
186,0.8136,b"b'2014-11-",1
187,0.0784,b"b'2014-12-",0
188,0.6798,b"b'2014-08-",0
189,0.8879,b"b'2014-07-",1
190,0.7072,b"b'2014-03-",0
191,0.3385,b"b'2014-03-",0
192,0.3861,b"b'2014-01-",0
193,0.2237,b"b'2014-05-",0
194,0.7485,b"b'2014-01-",0
195,0.8033,b"b'2014-01-",1
196,0.3981,b"b'2014-01-",0
197,0.4968,b"b'2014-03-",0
198,0.1602,b"b'2014-02-",0
199,0.8740,b"b'2014-02-",1
200,0.7542,b"b'2014-05-",1
201,0.3616,b"b'2014-09-",0
202,0.4196,b"b'2014-07-",0
203,0.4586,b"b'2014-06-",0
204,0.4670,b"b'2014-01-",0
205,0.8144,b"b'2014-01-",1
206,0.8255,b"b'2014-02-",1
207,0.6077,b"b'2014-07-",0
208,0.8642,b"b'2014-02-",1
209,0.6367,b"b'2014-12-",0
210,0.2250,b"b'2014-08-",0
211,0.3605,b"b'2014-06-",0
212,0.7055,b"b'2014-06-",0
213,0.3386,b"b'2014-09-",0
214,0.8556,b"b'2014-06-",1
215,0.6761,b"b'2014-05-",0
216,0.2605,b"b'2014-03-",0
217,0.1176,b"b'2014-03-",0
218,0.3552,b"b'2014-12-",0
219,0.5149,b"b'2014-03-",0
220,0.8003,b"b'2014-10-",1
221,0.1609,b"b'2014-09-",0
222,0.9383,b"b'2014-05-",1
223,0.2011,b"b'2014-11-",0
224,0.9883,b"b'2014-03-",1
225,0.0700,b"b'2014-08-",0
226,0.4100,b"b'2014-09-",0
227,0.8649,b"b'2014-11-",1
228,0.1257,b"b'2014-07-",0
229,0.5835,b"b'2014-10-",0
230,0.3730,b"b'2014-09-",0
231,0.4183,b"b'2014-10-",0
232,0.6311,b"b'2014-07-",0
233,0.4444,b"b'2014-02-",0
234,0.6966,b"b'2014-07-",0
235,0.1804,b"b'2014-01-",0
236,0.5818,b"b'2014-07-",0
237,0.6140,b"b'2014-08-",0
238,0.8416,b"b'2014-01-",1
239,0.4584,b"b'2014-12-",0
240,0.4445,b"b'2014-09-",0
241,0.6503,b"b'2014-11-",0
242,0.3860,b"b'2014-07-",0
243,0.3320,b"b'2014-07-",0
244,0.6471,b"b'2014-03-",0
245,0.0385,b"b'2014-07-",0
246,0.9625,b"b'2014-05-",1
247,0.7981,b"b'2014-06-",1
248,0.3766,b"b'2014-11-",0
249,0.7391,b"b'2014-07-",0
250,0.1677,b"b'2014-01-",0
251,0.7238,b"b'2014-01-",0
252,0.7418,b"b'2014-01-",0
253,0.9384,b"b'2014-03-",1
254,0.0578,b"b'2014-01-",0
255,0.2915,b"b'2014-06-",0
256,0.2128,b"b'2014-05-",0
257,0.0583,b"b'2014-01-",0
258,0.8624,b"b'2014-02-",1
259,0.7993,b"b'2014-06-",1
260,0.0374,b"b'2014-12-",0
261,0.2954,b"b'2014-10-",0
262,0.1119,b"b'2014-03-",0
263,0.2713,b"b'2014-07-",0
264,0.3902,b"b'2014-05-",0
265,0.1932,b"b'2014-08-",0
266,0.8039,b"b'2014-06-",1
267,0.5264,b"b'2014-12-",0
268,0.1057,b"b'2014-11-",0
269,0.7649,b"b'2014-10-",1
270,0.2642,b"b'2014-12-",0
271,0.0209,b"b'2014-10-",0
272,0.5172,b"b'2014-02-",0
273,0.0755,b"b'2014-04-",0
274,0.8270,b"b'2014-12-",1
275,0.3945,b"b'2014-02-",0
276,0.4293,b"b'2014-05-",0
277,0.5139,b"b'2014-10-",0
278,0.3969,b"b'2014-03-",0
279,0.4933,b"b'2014-08-",0
280,0.5400,b"b'2014-05-",0
281,0.2482,b"b'2014-09-",0
282,0.1366,b"b'2014-03-",0
283,0.8463,b"b'2014-06-",1
284,0.4142,b"b'2014-03-",0
285,0.4478,b"b'2014-11-",0
286,0.2029,b"b'2014-06-",0
287,0.0052,b"b'2014-01-",0
288,0.9953,b"b'2014-04-",1
289,0.1362,b"b'2014-05-",0
290,0.1777,b"b'2014-11-",0
291,0.1682,b"b'2014-08-",0
292,0.7495,b"b'2014-11-",0
293,0.7590,b"b'2014-12-",1
294,0.3055,b"b'2014-12-",0
295,0.3622,b"b'2014-09-",0
296,0.2679,b"b'2014-09-",0
297,0.7012,b"b'2014-06-",0
298,0.1206,b"b'2014-05-",0
299,0.3794,b"b'2014-10-",0
300,0.0955,b"b'2014-07-",0
301,0.6101,b"b'2014-02-",0
302,0.4610,b"b'2014-07-",0
303,0.5108,b"b'2014-10-",0
304,0.3100,b"b'2014-03-",0
305,0.9182,b"b'2014-03-",1
306,0.9421,b"b'2014-04-",1
307,0.8947,b"b'2014-12-",1
308,0.8673,b"b'2014-07-",1
309,0.9022,b"b'2014-04-",1
310,0.4167,b"b'2014-07-",0
311,0.3206,b"b'2014-02-",0
312,0.9374,b"b'2014-01-",1
313,0.1196,b"b'2014-01-",0
314,0.4992,b"b'2014-11-",0
315,0.9255,b"b'2014-10-",1
316,0.8536,b"b'2014-02-",1
317,0.7535,b"b'2014-11-",1
318,0.9085,b"b'2014-01-",1
319,0.5655,b"b'2014-03-",0
320,0.9107,b"b'2014-02-",1
321,0.7416,b"b'2014-10-",0
322,0.5496,b"b'2014-12-",0
323,0.1925,b"b'2014-05-",0
324,0.9170,b"b'2014-03-",1
325,0.2192,b"b'2014-07-",0
326,0.6760,b"b'2014-04-",0
327,0.5831,b"b'2014-10-",0
328,0.9720,b"b'2014-06-",1
329,0.8626,b"b'2014-09-",1
330,0.4792,b"b'2014-11-",0
331,0.1347,b"b'2014-12-",0
332,0.4683,b"b'2014-06-",0
333,0.9662,b"b'2014-02-",1
334,0.4460,b"b'2014-05-",0
335,0.2509,b"b'2014-08-",0
336,0.1544,b"b'2014-05-",0
337,0.0674,b"b'2014-11-",0
338,0.6686,b"b'2014-02-",0
339,0.1319,b"b'2014-11-",0
340,0.5298,b"b'2014-10-",0
341,0.6335,b"b'2014-04-",0
342,0.0866,b"b'2014-02-",0
343,0.3087,b"b'2014-03-",0
344,0.1138,b"b'2014-04-",0
345,0.3554,b"b'2014-08-",0
346,0.1614,b"b'2014-03-",0
347,0.4301,b"b'2014-05-",0
348,0.1728,b"b'2014-10-",0
349,0.4233,b"b'2014-06-",0
350,0.0637,b"b'2014-09-",0
351,0.2694,b"b'2014-04-",0
352,0.8272,b"b'2014-11-",1
353,0.9323,b"b'2014-08-",1
354,0.8411,b"b'2014-09-",1
355,0.5164,b"b'2014-02-",0
356,0.7868,b"b'2014-12-",1
357,0.5830,b"b'2014-02-",0
358,0.9564,b"b'2014-01-",1
359,0.5390,b"b'2014-01-",0
360,0.4701,b"b'2014-04-",0
361,0.4640,b"b'2014-02-",0
362,0.7892,b"b'2014-04-",1
363,0.6995,b"b'2014-04-",0
364,0.1899,b"b'2014-03-",0
365,0.6391,b"b'2014-08-",0
366,0.5267,b"b'2014-08-",0
367,0.4163,b"b'2014-12-",0
368,0.3136,b"b'2014-06-",0
369,0.6131,b"b'2014-06-",0
370,0.4324,b"b'2014-03-",0
371,0.9900,b"b'2014-10-",1
372,0.8891,b"b'2014-03-",1
373,0.5802,b"b'2014-05-",0
374,0.1085,b"b'2014-07-",0
375,0.2995,b"b'2014-06-",0
376,0.5070,b"b'2014-05-",0
377,0.9587,b"b'2014-10-",1
378,0.1119,b"b'2014-07-",0
379,0.7682,b"b'2014-12-",1
380,0.7927,b"b'2014-05-",1
381,0.4187,b"b'2014-09-",0
382,0.7488,b"b'2014-05-",0
383,0.9533,b"b'2014-07-",1
384,0.9395,b"b'2014-09-",1
385,0.5335,b"b'2014-09-",0
386,0.4686,b"b'2014-05-",0
387,0.0368,b"b'2014-04-",0
388,0.2797,b"b'2014-09-",0
389,0.4102,b"b'2014-03-",0
390,0.0317,b"b'2014-12-",0
391,0.0803,b"b'2014-11-",0
392,0.8898,b"b'2014-06-",1
393,0.1699,b"b'2014-05-",0
394,0.9564,b"b'2014-07-",1
395,0.1380,b"b'2014-11-",0
396,0.6097,b"b'2014-06-",0
397,0.0411,b"b'2014-05-",0
398,0.1339,b"b'2014-08-",0
399,0.7244,b"b'2014-10-",0
400,0.6481,b"b'2014-06-",0
401,0.0721,b"b'2014-06-",0
402,0.4783,b"b'2014-07-",0
403,0.0888,b"b'2014-09-",0
404,0.9464,b"b'2014-07-",1
405,0.4075,b"b'2014-05-",0
406,0.3919,b"b'2014-03-",0
407,0.1053,b"b'2014-04-",0
408,0.3916,b"b'2014-02-",0
409,0.2219,b"b'2014-11-",0
410,0.4384,b"b'2014-10-",0
411,0.4082,b"b'2014-06-",0
412,0.1091,b"b'2014-10-",0
413,0.9899,b"b'2014-04-",1
414,0.1051,b"b'2014-12-",0
415,0.9369,b"b'2014-02-",1
416,0.2500,b"b'2014-03-",0
417,0.5067,b"b'2014-04-",0
418,0.4121,b"b'2014-03-",0
419,0.0039,b"b'2014-11-",0
420,0.6136,b"b'2014-08-",0
421,0.5494,b"b'2014-07-",0
422,0.0607,b"b'2014-07-",0
423,0.1111,b"b'2014-05-",0
424,0.1341,b"b'2014-08-",0
425,0.0923,b"b'2014-04-",0
426,0.3263,b"b'2014-01-",0
427,0.5457,b"b'2014-07-",0
428,0.1624,b"b'2014-11-",0
429,0.8450,b"b'2014-08-",1
430,0.8783,b"b'2014-12-",1
431,0.6794,b"b'2014-12-",0
432,0.9416,b"b'2014-05-",1
433,0.2487,b"b'2014-05-",0
434,0.8697,b"b'2014-01-",1
435,0.4495,b"b'2014-03-",0
436,0.6603,b"b'2014-07-",0
437,0.5667,b"b'2014-01-",0
438,0.2514,b"b'2014-09-",0
439,0.5854,b"b'2014-10-",0
440,0.6311,b"b'2014-11-",0
441,0.3413,b"b'2014-06-",0
442,0.6466,b"b'2014-11-",0
443,0.9556,b"b'2014-10-",1
444,0.0821,b"b'2014-01-",0
445,0.9454,b"b'2014-08-",1
446,0.2379,b"b'2014-05-",0
447,0.4139,b"b'2014-03-",0
448,0.5855,b"b'2014-07-",0
449,0.8007,b"b'2014-06-",1
450,0.7722,b"b'2014-05-",1
451,0.0926,b"b'2014-01-",0
452,0.9085,b"b'2014-06-",1
453,0.7779,b"b'2014-05-",1
454,0.8391,b"b'2014-11-",1
455,0.5812,b"b'2014-08-",0
456,0.1807,b"b'2014-01-",0
457,0.2222,b"b'2014-05-",0
458,0.8058,b"b'2014-07-",1
459,0.1795,b"b'2014-04-",0
460,0.4802,b"b'2014-11-",0
461,0.4939,b"b'2014-06-",0
462,0.0931,b"b'2014-06-",0
463,0.3710,b"b'2014-11-",0
464,0.7990,b"b'2014-07-",1
465,0.3670,b"b'2014-04-",0
466,0.8443,b"b'2014-03-",1
467,0.8449,b"b'2014-05-",1
468,0.5998,b"b'2014-02-",0
469,0.4211,b"b'2014-02-",0
470,0.0082,b"b'2014-12-",0
471,0.6509,b"b'2014-10-",0
472,0.5886,b"b'2014-05-",0
473,0.2401,b"b'2014-07-",0
474,0.0617,b"b'2014-06-",0
475,0.0949,b"b'2014-10-",0
476,0.2589,b"b'2014-08-",0
477,0.1394,b"b'2014-09-",0
478,0.8669,b"b'2014-05-",1
479,0.5697,b"b'2014-10-",0
480,0.7512,b"b'2014-06-",1
481,0.9642,b"b'2014-05-",1
482,0.1910,b"b'2014-12-",0
483,0.0812,b"b'2014-05-",0
484,0.3961,b"b'2014-06-",0
485,0.2141,b"b'2014-10-",0
486,0.6308,b"b'2014-01-",0
487,0.1081,b"b'2014-04-",0
488,0.8078,b"b'2014-03-",1
489,0.3358,b"b'2014-05-",0
490,0.9570,b"b'2014-02-",1
491,0.0544,b"b'2014-12-",0
492,0.3536,b"b'2014-04-",0
493,0.9500,b"b'2014-11-",1
494,0.3487,b"b'2014-05-",0
495,0.2465,b"b'2014-09-",0
496,0.2945,b"b'2014-09-",0
497,0.6247,b"b'2014-11-",0
498,0.7519,b"b'2014-06-",1
499,0.6060,b"b'2014-01-",0
500,0.5886,b"b'2014-08-",0
501,0.2796,b"b'2014-02-",0
502,0.5317,b"b'2014-04-",0
503,0.5158,b"b'2014-04-",0
504,0.5793,b"b'2014-02-",0
505,0.0224,b"b'2014-02-",0
506,0.2620,b"b'2014-10-",0
507,0.4551,b"b'2014-05-",0
508,0.4443,b"b'2014-09-",0
509,0.5164,b"b'2014-10-",0
510,0.4098,b"b'2014-07-",0
511,0.7858,b"b'2014-05-",1
512,0.0357,b"b'2014-12-",0
513,0.7881,b"b'2014-02-",1
514,0.0579,b"b'2014-04-",0
515,0.5200,b"b'2014-03-",0
516,0.6658,b"b'2014-05-",0
517,0.8041,b"b'2014-01-",1
518,0.3226,b"b'2014-01-",0
519,0.2543,b"b'2014-08-",0
520,0.6653,b"b'2014-09-",0
521,0.0887,b"b'2014-10-",0
522,0.2409,b"b'2014-03-",0
523,0.9603,b"b'2014-12-",1
524,0.8847,b"b'2014-06-",1
525,0.8721,b"b'2014-10-",1
526,0.5899,b"b'2014-02-",0
527,0.1088,b"b'2014-09-",0
528,0.3434,b"b'2014-05-",0
529,0.2593,b"b'2014-10-",0
530,0.6096,b"b'2014-03-",0
531,0.0701,b"b'2014-08-",0
532,0.7336,b"b'2014-03-",0
533,0.4424,b"b'2014-05-",0
534,0.6375,b"b'2014-02-",0
535,0.3181,b"b'2014-07-",0
536,0.3274,b"b'2014-01-",0
537,0.9886,b"b'2014-03-",1
538,0.1441,b"b'2014-08-",0
539,0.7344,b"b'2014-10-",0
540,0.8074,b"b'2014-03-",1
541,0.6140,b"b'2014-03-",0
542,0.9551,b"b'2014-01-",1
543,0.1596,b"b'2014-04-",0
544,0.0826,b"b'2014-11-",0
545,0.2606,b"b'2014-02-",0
546,0.9833,b"b'2014-10-",1
547,0.6906,b"b'2014-11-",0
548,0.7650,b"b'2014-06-",1
549,0.1709,b"b'2014-09-",0
550,0.1355,b"b'2014-02-",0
551,0.8250,b"b'2014-11-",1
552,0.9412,b"b'2014-05-",1
553,0.8056,b"b'2014-11-",1
554,0.6470,b"b'2014-05-",0
555,0.5204,b"b'2014-07-",0
556,0.4574,b"b'2014-07-",0
557,0.2391,b"b'2014-10-",0
558,0.0637,b"b'2014-09-",0
559,0.8840,b"b'2014-05-",1
560,0.7007,b"b'2014-09-",0
561,0.1046,b"b'2014-11-",0
562,0.0842,b"b'2014-09-",0
563,0.9982,b"b'2014-04-",1
564,0.6243,b"b'2014-08-",0
565,0.5538,b"b'2014-11-",0
566,0.1222,b"b'2014-12-",0
567,0.8499,b"b'2014-12-",1
568,0.4916,b"b'2014-11-",0
569,0.4236,b"b'2014-03-",0
570,0.2119,b"b'2014-06-",0
571,0.3523,b"b'2014-05-",0
572,0.9977,b"b'2014-06-",1
573,0.6631,b"b'2014-04-",0
574,0.0939,b"b'2014-08-",0
575,0.0717,b"b'2014-06-",0
576,0.6172,b"b'2014-02-",0
577,0.6894,b"b'2014-05-",0
578,0.5347,b"b'2014-01-",0
579,0.3497,b"b'2014-01-",0
580,0.7503,b"b'2014-06-",1
581,0.6622,b"b'2014-04-",0
582,0.6578,b"b'2014-07-",0
583,0.7858,b"b'2014-01-",1
584,0.4918,b"b'2014-01-",0
585,0.4977,b"b'2014-06-",0
586,0.8061,b"b'2014-09-",1
587,0.2017,b"b'2014-09-",0
588,0.4616,b"b'2014-08-",0
589,0.3023,b"b'2014-05-",0
590,0.8292,b"b'2014-03-",1
591,0.8607,b"b'2014-10-",1
592,0.8754,b"b'2014-11-",1
593,0.9823,b"b'2014-03-",1
594,0.3769,b"b'2014-09-",0
595,0.1511,b"b'2014-12-",0
596,0.8406,b"b'2014-10-",1
597,0.4922,b"b'2014-02-",0
598,0.7691,b"b'2014-02-",1
599,0.5861,b"b'2014-10-",0
600,0.8093,b"b'2014-12-",1
601,0.5608,b"b'2014-02-",0
602,0.4636,b"b'2014-07-",0
603,0.2597,b"b'2014-10-",0
604,0.7973,b"b'2014-07-",1
605,0.0708,b"b'2014-03-",0
606,0.7136,b"b'2014-10-",0
607,0.4731,b"b'2014-12-",0
608,0.4941,b"b'2014-03-",0
609,0.6717,b"b'2014-06-",0
610,0.6884,b"b'2014-05-",0
611,0.2740,b"b'2014-09-",0
612,0.6488,b"b'2014-06-",0
613,0.9600,b"b'2014-03-",1
614,0.6792,b"b'2014-05-",0
615,0.3798,b"b'2014-05-",0
616,0.8308,b"b'2014-02-",1
617,0.7008,b"b'2014-06-",0
618,0.8986,b"b'2014-04-",1
619,0.3034,b"b'2014-09-",0
620,0.3669,b"b'2014-05-",0
621,0.7519,b"b'2014-07-",1
622,0.4753,b"b'2014-11-",0
623,0.0875,b"b'2014-07-",0
624,0.0715,b"b'2014-03-",0
625,0.7137,b"b'2014-04-",0
626,0.8696,b"b'2014-09-",1
627,0.7547,b"b'2014-07-",1
628,0.8910,b"b'2014-08-",1
629,0.4813,b"b'2014-08-",0
630,0.0915,b"b'2014-08-",0
631,0.3157,b"b'2014-09-",0
632,0.8727,b"b'2014-09-",1
633,0.1591,b"b'2014-01-",0
634,0.1405,b"b'2014-08-",0
635,0.3011,b"b'2014-07-",0
636,0.1091,b"b'2014-02-",0
637,0.9606,b"b'2014-11-",1
638,0.1185,b"b'2014-06-",0
639,0.4817,b"b'2014-06-",0
640,0.1092,b"b'2014-02-",0
641,0.8457,b"b'2014-01-",1
642,0.0166,b"b'2014-09-",0
643,0.6577,b"b'2014-09-",0
644,0.9258,b"b'2014-08-",1
645,0.1687,b"b'2014-12-",0
646,0.4789,b"b'2014-09-",0
647,0.9811,b"b'2014-10-",1
648,0.1719,b"b'2014-05-",0
649,0.1004,b"b'2014-12-",0
650,0.3579,b"b'2014-12-",0
651,0.9401,b"b'2014-03-",1
652,0.1495,b"b'2014-06-",0
653,0.7014,b"b'2014-07-",0
654,0.1458,b"b'2014-02-",0
655,0.3417,b"b'2014-11-",0
656,0.0016,b"b'2014-05-",0
657,0.0720,b"b'2014-04-",0
658,0.1896,b"b'2014-03-",0
659,0.2545,b"b'2014-09-",0
660,0.2656,b"b'2014-11-",0
661,0.1320,b"b'2014-11-",0
662,0.4937,b"b'2014-03-",0
663,0.2824,b"b'2014-04-",0
664,0.4191,b"b'2014-05-",0
665,0.3339,b"b'2014-12-",0
666,0.4590,b"b'2014-09-",0
667,0.9606,b"b'2014-11-",1
668,0.7625,b"b'2014-08-",1
669,0.4510,b"b'2014-08-",0
670,0.4681,b"b'2014-02-",0
671,0.0519,b"b'2014-10-",0
672,0.5716,b"b'2014-01-",0
673,0.1283,b"b'2014-10-",0
674,0.4843,b"b'2014-02-",0
675,0.6075,b"b'2014-04-",0
676,0.0673,b"b'2014-09-",0
677,0.3091,b"b'2014-07-",0
678,0.6495,b"b'2014-01-",0
679,0.5439,b"b'2014-02-",0
680,0.7838,b"b'2014-11-",1
681,0.8630,b"b'2014-12-",1
682,0.1450,b"b'2014-10-",0
683,0.8713,b"b'2014-09-",1
684,0.0401,b"b'2014-10-",0
685,0.8022,b"b'2014-01-",1
686,0.7337,b"b'2014-05-",0
687,0.2414,b"b'2014-09-",0
688,0.4626,b"b'2014-10-",0
689,0.1691,b"b'2014-03-",0
690,0.9223,b"b'2014-02-",1
691,0.5965,b"b'2014-10-",0
692,0.3750,b"b'2014-01-",0
693,0.2096,b"b'2014-07-",0
694,0.5606,b"b'2014-04-",0
695,0.4689,b"b'2014-03-",0
696,0.5831,b"b'2014-08-",0
697,0.8722,b"b'2014-11-",1
698,0.2327,b"b'2014-04-",0
699,0.7162,b"b'2014-08-",0
700,0.8314,b"b'2014-11-",1
701,0.6230,b"b'2014-05-",0
702,0.4754,b"b'2014-03-",0
703,0.4956,b"b'2014-06-",0
704,0.5624,b"b'2014-12-",0
705,0.7976,b"b'2014-04-",1
706,0.9097,b"b'2014-07-",1
707,0.4017,b"b'2014-03-",0
708,0.0586,b"b'2014-01-",0
709,0.2409,b"b'2014-03-",0
710,0.4138,b"b'2014-11-",0
711,0.6868,b"b'2014-03-",0
712,0.0993,b"b'2014-12-",0
713,0.1657,b"b'2014-10-",0
714,0.3685,b"b'2014-06-",0
715,0.7366,b"b'2014-10-",0
716,0.2449,b"b'2014-12-",0
717,0.5148,b"b'2014-11-",0
718,0.7437,b"b'2014-09-",0
719,0.0058,b"b'2014-04-",0
720,0.9245,b"b'2014-01-",1
721,0.4048,b"b'2014-12-",0
722,0.7314,b"b'2014-01-",0
723,0.0942,b"b'2014-06-",0
724,0.9688,b"b'2014-04-",1
725,0.4847,b"b'2014-05-",0
726,0.8784,b"b'2014-05-",1
727,0.0720,b"b'2014-11-",0
728,0.8858,b"b'2014-07-",1
729,0.3504,b"b'2014-07-",0
730,0.1481,b"b'2014-08-",0
731,0.9961,b"b'2014-08-",1
732,0.1920,b"b'2014-02-",0
733,0.4253,b"b'2014-11-",0
734,0.2531,b"b'2014-02-",0
735,0.9892,b"b'2014-09-",1
736,0.7249,b"b'2014-04-",0
737,0.3934,b"b'2014-08-",0
738,0.7534,b"b'2014-05-",1
739,0.4188,b"b'2014-02-",0
740,0.4758,b"b'2014-10-",0
741,0.9148,b"b'2014-10-",1
742,0.1954,b"b'2014-05-",0
743,0.0662,b"b'2014-04-",0
744,0.9936,b"b'2014-08-",1
745,0.6133,b"b'2014-08-",0
746,0.7244,b"b'2014-09-",0
747,0.5968,b"b'2014-12-",0
748,0.7038,b"b'2014-09-",0
749,0.9594,b"b'2014-08-",1
750,0.7487,b"b'2014-04-",0
751,0.9482,b"b'2014-12-",1
752,0.9188,b"b'2014-03-",1
753,0.8731,b"b'2014-07-",1
754,0.1152,b"b'2014-06-",0
755,0.4767,b"b'2014-01-",0
756,0.0782,b"b'2014-10-",0
757,0.0552,b"b'2014-12-",0
758,0.7793,b"b'2014-01-",1
759,0.0184,b"b'2014-03-",0
760,0.5033,b"b'2014-11-",0
761,0.8159,b"b'2014-05-",1
762,0.0403,b"b'2014-02-",0
763,0.0737,b"b'2014-06-",0
764,0.0944,b"b'2014-02-",0
765,0.1230,b"b'2014-10-",0
766,0.5718,b"b'2014-08-",0
767,0.5733,b"b'2014-12-",0
768,0.6938,b"b'2014-03-",0
769,0.5913,b"b'2014-06-",0
770,0.4758,b"b'2014-01-",0
771,0.4200,b"b'2014-04-",0
772,0.8762,b"b'2014-08-",1
773,0.6122,b"b'2014-10-",0
774,0.7062,b"b'2014-08-",0
775,0.1676,b"b'2014-09-",0
776,0.9093,b"b'2014-04-",1
777,0.5758,b"b'2014-12-",0
778,0.8537,b"b'2014-11-",1
779,0.0434,b"b'2014-03-",0
780,0.9563,b"b'2014-02-",1
781,0.4768,b"b'2014-08-",0
782,0.7962,b"b'2014-04-",1
783,0.0369,b"b'2014-07-",0
784,0.7376,b"b'2014-01-",0
785,0.9139,b"b'2014-06-",1
786,0.9116,b"b'2014-05-",1
787,0.7854,b"b'2014-02-",1
788,0.8890,b"b'2014-02-",1
789,0.6237,b"b'2014-10-",0
790,0.1189,b"b'2014-02-",0
791,0.9512,b"b'2014-03-",1
792,0.1215,b"b'2014-07-",0
793,0.9473,b"b'2014-02-",1
794,0.0234,b"b'2014-08-",0
795,0.7002,b"b'2014-07-",0
796,0.0377,b"b'2014-09-",0
797,0.6018,b"b'2014-09-",0
798,0.9512,b"b'2014-03-",1
799,0.6636,b"b'2014-08-",0
800,0.1761,b"b'2014-04-",0
801,0.9587,b"b'2014-04-",1
802,0.0438,b"b'2014-01-",0
803,0.3819,b"b'2014-05-",0
804,0.8332,b"b'2014-03-",1
805,0.2090,b"b'2014-05-",0
806,0.8585,b"b'2014-03-",1
807,0.0621,b"b'2014-03-",0
808,0.3642,b"b'2014-09-",0
809,0.1347,b"b'2014-12-",0
810,0.3502,b"b'2014-09-",0
811,0.7038,b"b'2014-09-",0
812,0.3394,b"b'2014-05-",0
813,0.5606,b"b'2014-09-",0
814,0.5980,b"b'2014-05-",0
815,0.8992,b"b'2014-01-",1
816,0.8771,b"b'2014-07-",1
817,0.7429,b"b'2014-06-",0
818,0.5448,b"b'2014-06-",0
819,0.7944,b"b'2014-03-",1
820,0.9524,b"b'2014-01-",1
821,0.5389,b"b'2014-09-",0
822,0.2032,b"b'2014-03-",0
823,0.3245,b"b'2014-10-",0
824,0.5385,b"b'2014-08-",0
825,0.9713,b"b'2014-05-",1
826,0.4588,b"b'2014-11-",0
827,0.8691,b"b'2014-12-",1
828,0.9816,b"b'2014-06-",1
829,0.9933,b"b'2014-04-",1
830,0.8773,b"b'2014-10-",1
831,0.3804,b"b'2014-06-",0
832,0.6391,b"b'2014-09-",0
833,0.2877,b"b'2014-08-",0
834,0.4616,b"b'2014-11-",0
835,0.8852,b"b'2014-08-",1
836,0.9355,b"b'2014-01-",1
837,0.3591,b"b'2014-06-",0
838,0.6608,b"b'2014-05-",0
839,0.9631,b"b'2014-04-",1
840,0.9592,b"b'2014-03-",1
841,0.8096,b"b'2014-10-",1
842,0.2138,b"b'2014-01-",0
843,0.6692,b"b'2014-11-",0
844,0.0591,b"b'2014-07-",0
845,0.8280,b"b'2014-04-",1
846,0.2688,b"b'2014-01-",0
847,0.3724,b"b'2014-08-",0
848,0.4776,b"b'2014-10-",0
849,0.3847,b"b'2014-11-",0
850,0.5779,b"b'2014-10-",0
851,0.2093,b"b'2014-04-",0
852,0.9505,b"b'2014-03-",1
853,0.5103,b"b'2014-03-",0
854,0.2275,b"b'2014-11-",0
855,0.4819,b"b'2014-06-",0
856,0.1888,b"b'2014-07-",0
857,0.1338,b"b'2014-01-",0
858,0.8801,b"b'2014-09-",1
859,0.0873,b"b'2014-10-",0
860,0.4375,b"b'2014-04-",0
861,0.7666,b"b'2014-12-",1
862,0.1177,b"b'2014-09-",0
863,0.2633,b"b'2014-10-",0
864,0.2301,b"b'2014-12-",0
865,0.3610,b"b'2014-10-",0
866,0.2524,b"b'2014-12-",0
867,0.6114,b"b'2014-11-",0
868,0.5360,b"b'2014-01-",0
869,0.2186,b"b'2014-07-",0
870,0.3574,b"b'2014-01-",0
871,0.6576,b"b'2014-01-",0
872,0.1554,b"b'2014-09-",0
873,0.0145,b"b'2014-03-",0
874,0.8120,b"b'2014-01-",1
875,0.6568,b"b'2014-11-",0
876,0.3314,b"b'2014-09-",0
877,0.3989,b"b'2014-10-",0
878,0.1431,b"b'2014-07-",0
879,0.0533,b"b'2014-04-",0
880,0.6810,b"b'2014-10-",0
881,0.2380,b"b'2014-12-",0
882,0.6813,b"b'2014-10-",0
883,0.9582,b"b'2014-04-",1
884,0.5374,b"b'2014-03-",0
885,0.4189,b"b'2014-07-",0
886,0.5507,b"b'2014-11-",0
887,0.9188,b"b'2014-10-",1
888,0.8000,b"b'2014-07-",1
889,0.8581,b"b'2014-11-",1
890,0.7813,b"b'2014-04-",1
891,0.5175,b"b'2014-03-",0
892,0.8740,b"b'2014-10-",1
893,0.0762,b"b'2014-07-",0
894,0.4863,b"b'2014-07-",0
895,0.3960,b"b'2014-09-",0
896,0.7607,b"b'2014-09-",1
897,0.7199,b"b'2014-11-",0
898,0.8204,b"b'2014-05-",1
899,0.3440,b"b'2014-10-",0
900,0.9073,b"b'2014-05-",1
901,0.6159,b"b'2014-08-",0
902,0.5005,b"b'2014-01-",0
903,0.8924,b"b'2014-04-",1
904,0.0615,b"b'2014-10-",0
905,0.5514,b"b'2014-11-",0
906,0.4615,b"b'2014-07-",0
907,0.9876,b"b'2014-12-",1
908,0.1900,b"b'2014-05-",0
909,0.5530,b"b'2014-12-",0
910,0.0248,b"b'2014-02-",0
911,0.9702,b"b'2014-07-",1
912,0.7811,b"b'2014-06-",1
913,0.6494,b"b'2014-04-",0
914,0.4261,b"b'2014-06-",0
915,0.6367,b"b'2014-12-",0
916,0.5588,b"b'2014-11-",0
917,0.0739,b"b'2014-06-",0
918,0.6855,b"b'2014-05-",0
919,0.9596,b"b'2014-08-",1
920,0.2877,b"b'2014-04-",0
921,0.0622,b"b'2014-07-",0
922,0.7541,b"b'2014-05-",1
923,0.2702,b"b'2014-07-",0
924,0.7999,b"b'2014-09-",1
925,0.3980,b"b'2014-12-",0
926,0.1017,b"b'2014-03-",0
927,0.4516,b"b'2014-04-",0
928,0.9830,b"b'2014-07-",1
929,0.7734,b"b'2014-09-",1
930,0.1071,b"b'2014-03-",0
931,0.4744,b"b'2014-10-",0
932,0.2759,b"b'2014-02-",0
933,0.3656,b"b'2014-01-",0
934,0.9938,b"b'2014-03-",1
935,0.4946,b"b'2014-03-",0
936,0.4678,b"b'2014-06-",0
937,0.0103,b"b'2014-07-",0
938,0.3747,b"b'2014-09-",0
939,0.4357,b"b'2014-01-",0
940,0.4284,b"b'2014-04-",0
941,0.1584,b"b'2014-10-",0
942,0.9369,b"b'2014-05-",1
943,0.2552,b"b'2014-03-",0
944,0.5948,b"b'2014-07-",0
945,0.2837,b"b'2014-04-",0
946,0.1751,b"b'2014-05-",0
947,0.9197,b"b'2014-05-",1
948,0.9200,b"b'2014-11-",1
949,0.2252,b"b'2014-04-",0
950,0.0956,b"b'2014-03-",0
951,0.3510,b"b'2014-10-",0
952,0.6260,b"b'2014-12-",0
953,0.3229,b"b'2014-12-",0
954,0.1188,b"b'2014-07-",0
955,0.0785,b"b'2014-01-",0
956,0.7277,b"b'2014-05-",0
957,0.1342,b"b'2014-07-",0
958,0.9836,b"b'2014-07-",1
959,0.4409,b"b'2014-04-",0
960,0.9944,b"b'2014-01-",1
961,0.7709,b"b'2014-12-",1
962,0.8994,b"b'2014-01-",1
963,0.8292,b"b'2014-05-",1
964,0.8824,b"b'2014-12-",1
965,0.9279,b"b'2014-10-",1
966,0.6810,b"b'2014-07-",0
967,0.5229,b"b'2014-02-",0
968,0.1835,b"b'2014-10-",0
969,0.0558,b"b'2014-02-",0
970,0.5835,b"b'2014-10-",0
971,0.4250,b"b'2014-03-",0
972,0.2793,b"b'2014-01-",0
973,0.2215,b"b'2014-11-",0
974,0.6231,b"b'2014-11-",0
975,0.8750,b"b'2014-03-",1
976,0.2550,b"b'2014-02-",0
977,0.2922,b"b'2014-11-",0
978,0.3629,b"b'2014-09-",0
979,0.3151,b"b'2014-09-",0
980,0.9713,b"b'2014-05-",1
981,0.8033,b"b'2014-10-",1
982,0.3167,b"b'2014-08-",0
983,0.5888,b"b'2014-05-",0
984,0.4828,b"b'2014-05-",0
985,0.8934,b"b'2014-04-",1
986,0.0928,b"b'2014-05-",0
987,0.3494,b"b'2014-12-",0
988,0.4123,b"b'2014-11-",0
989,0.1456,b"b'2014-02-",0
990,0.8571,b"b'2014-09-",1
991,0.6903,b"b'2014-10-",0
992,0.1462,b"b'2014-10-",0
993,0.7006,b"b'2014-03-",0
994,0.0048,b"b'2014-04-",0
995,0.6989,b"b'2014-04-",0
996,0.6518,b"b'2014-04-",0
997,0.9448,b"b'2014-03-",1
998,0.0272,b"b'2014-06-",0
999,0.7206,b"b'2014-05-",0
